{
  "generated": "2025-08-26T10:31:06.644Z",
  "total": 38,
  "migrations": [
    {
      "filename": "001_initial_schema.sql",
      "category": "CORE",
      "size": 17467,
      "modified": "2025-08-26T02:34:09.147Z",
      "valid": true,
      "required": true
    },
    {
      "filename": "002_analytics_views.sql",
      "category": "CORE",
      "size": 15960,
      "modified": "2025-08-26T02:34:09.173Z",
      "valid": true,
      "required": true
    },
    {
      "filename": "003_products_search_optimization.sql",
      "category": "PERFORMANCE",
      "size": 448,
      "modified": "2025-08-26T02:34:09.189Z",
      "valid": true,
      "required": false
    },
    {
      "filename": "004_webhook_infrastructure.sql",
      "category": "WEBHOOK",
      "size": 17773,
      "modified": "2025-08-26T02:48:44.171Z",
      "valid": true,
      "required": true
    },
    {
      "filename": "005_message_logs_enhancements.sql",
      "category": "UTILITY",
      "size": 5305,
      "modified": "2025-08-26T02:34:09.220Z",
      "valid": true,
      "required": true
    },
    {
      "filename": "006_cross_platform_infrastructure.sql",
      "category": "UTILITY",
      "size": 15156,
      "modified": "2025-08-26T02:34:09.237Z",
      "valid": true,
      "required": true
    },
    {
      "filename": "007_webhook_idempotency.sql",
      "category": "WEBHOOK",
      "size": 1139,
      "modified": "2025-08-26T02:34:09.250Z",
      "valid": true,
      "required": false
    },
    {
      "filename": "008_instagram_stories_infrastructure.sql",
      "category": "INSTAGRAM",
      "size": 14215,
      "modified": "2025-08-26T10:11:07.312Z",
      "valid": true,
      "required": true
    },
    {
      "filename": "009_instagram_comments_infrastructure.sql",
      "category": "INSTAGRAM",
      "size": 15541,
      "modified": "2025-08-26T10:14:59.487Z",
      "valid": true,
      "required": true
    },
    {
      "filename": "010_instagram_media_infrastructure.sql",
      "category": "INSTAGRAM",
      "size": 17433,
      "modified": "2025-08-26T10:09:30.910Z",
      "valid": true,
      "required": true
    },
    {
      "filename": "011_instagram_production_features.sql",
      "category": "INSTAGRAM",
      "size": 11313,
      "modified": "2025-08-26T09:56:20.737Z",
      "valid": true,
      "required": true
    },
    {
      "filename": "012_instagram_oauth_integration.sql",
      "category": "INSTAGRAM",
      "size": 8889,
      "modified": "2025-08-26T02:34:09.373Z",
      "valid": false,
      "required": true
    },
    {
      "filename": "013_add_utility_messages_tables.sql",
      "category": "UTILITY",
      "size": 13063,
      "modified": "2025-08-26T02:34:09.392Z",
      "valid": true,
      "required": true
    },
    {
      "filename": "014_queue_jobs.sql",
      "category": "UTILITY",
      "size": 6997,
      "modified": "2025-08-26T02:34:09.409Z",
      "valid": true,
      "required": true
    },
    {
      "filename": "015_enable_rls.sql",
      "category": "SECURITY",
      "size": 9909,
      "modified": "2025-08-26T02:34:09.428Z",
      "valid": true,
      "required": true
    },
    {
      "filename": "016_webhook_status_normalization.sql",
      "category": "WEBHOOK",
      "size": 549,
      "modified": "2025-08-26T02:34:09.443Z",
      "valid": true,
      "required": false
    },
    {
      "filename": "017_fix_platform_case_sensitivity.sql",
      "category": "FIXES",
      "size": 4275,
      "modified": "2025-08-26T02:34:09.460Z",
      "valid": true,
      "required": true
    },
    {
      "filename": "018_webhook_events_idempotency.sql",
      "category": "WEBHOOK",
      "size": 2692,
      "modified": "2025-08-26T02:34:09.474Z",
      "valid": true,
      "required": false
    },
    {
      "filename": "019_merchant_instagram_mapping_composite_key.sql",
      "category": "FIXES",
      "size": 6369,
      "modified": "2025-08-26T02:34:09.492Z",
      "valid": true,
      "required": true
    },
    {
      "filename": "020_comprehensive_rls_enhancement.sql",
      "category": "SECURITY",
      "size": 9098,
      "modified": "2025-08-26T02:34:09.518Z",
      "valid": true,
      "required": true
    },
    {
      "filename": "021_conversation_unique_index.sql",
      "category": "FIXES",
      "size": 567,
      "modified": "2025-08-26T02:34:09.534Z",
      "valid": true,
      "required": false
    },
    {
      "filename": "022_pkce_verifiers_fallback.sql",
      "category": "FIXES",
      "size": 458,
      "modified": "2025-08-26T02:34:09.552Z",
      "valid": false,
      "required": false
    },
    {
      "filename": "023_add_business_account_id_to_merchant_credentials.sql",
      "category": "FIXES",
      "size": 708,
      "modified": "2025-08-26T02:34:09.574Z",
      "valid": true,
      "required": true
    },
    {
      "filename": "024_unique_index_merchant_credentials.sql",
      "category": "FIXES",
      "size": 873,
      "modified": "2025-08-26T02:34:09.591Z",
      "valid": true,
      "required": true
    },
    {
      "filename": "025_implement_rls_policies.sql",
      "category": "SECURITY",
      "size": 5438,
      "modified": "2025-08-26T02:34:09.610Z",
      "valid": true,
      "required": true
    },
    {
      "filename": "026_job_spool_table.sql",
      "category": "UTILITY",
      "size": 2076,
      "modified": "2025-08-26T02:34:09.645Z",
      "valid": true,
      "required": true
    },
    {
      "filename": "027_add_ai_config_to_merchants.sql",
      "category": "FIXES",
      "size": 1113,
      "modified": "2025-08-26T02:34:09.680Z",
      "valid": false,
      "required": true
    },
    {
      "filename": "027_performance_indexes.sql",
      "category": "PERFORMANCE",
      "size": 6774,
      "modified": "2025-08-26T02:34:09.708Z",
      "valid": true,
      "required": true
    },
    {
      "filename": "028_add_missing_columns.sql",
      "category": "FIXES",
      "size": 976,
      "modified": "2025-08-26T02:34:09.740Z",
      "valid": false,
      "required": false
    },
    {
      "filename": "029_fix_whatsapp_number_nullable.sql",
      "category": "FIXES",
      "size": 406,
      "modified": "2025-08-26T02:34:09.773Z",
      "valid": false,
      "required": false
    },
    {
      "filename": "030_add_missing_tables.sql",
      "category": "FIXES",
      "size": 2674,
      "modified": "2025-08-26T02:34:09.802Z",
      "valid": false,
      "required": false
    },
    {
      "filename": "032_unify_migration_tracking.sql",
      "category": "FIXES",
      "size": 6321,
      "modified": "2025-08-26T02:34:09.840Z",
      "valid": false,
      "required": true
    },
    {
      "filename": "033_add_rls_functions.sql",
      "category": "SECURITY",
      "size": 4456,
      "modified": "2025-08-26T02:34:09.882Z",
      "valid": false,
      "required": true
    },
    {
      "filename": "034_fix_whatsapp_number_constraints.sql",
      "category": "FIXES",
      "size": 4781,
      "modified": "2025-08-26T02:34:09.928Z",
      "valid": false,
      "required": true
    },
    {
      "filename": "035_migration_validation_final.sql",
      "category": "FIXES",
      "size": 8011,
      "modified": "2025-08-26T02:34:10.008Z",
      "valid": false,
      "required": true
    },
    {
      "filename": "036_complete_rls_policies.sql",
      "category": "SECURITY",
      "size": 6873,
      "modified": "2025-08-26T02:34:10.069Z",
      "valid": true,
      "required": true
    },
    {
      "filename": "037_analytics_events_table.sql",
      "category": "FIXES",
      "size": 660,
      "modified": "2025-08-26T02:34:09.355Z",
      "valid": true,
      "required": false
    },
    {
      "filename": "038_add_whatsapp_unique_index.sql",
      "category": "FIXES",
      "size": 730,
      "modified": "2025-08-26T02:34:10.043Z",
      "valid": true,
      "required": false
    },
  ]
}